{
  "contract_number": {
    "field_id": "contract_number",
    "x": 20.072289156626507,
    "y": 121.23751548492801,
    "width": 258.78915662650604,
    "height": 12.912871471767474,
    "page": 1
  },
  "customer_address": {
    "field_id": "customer_address",
    "x": 290.33132530120486,
    "y": 147.7806401768945,
    "width": 72.40361445783128,
    "height": 11.478107974904418,
    "page": 1
  },
  "customer_city": {
    "field_id": "customer_city",
    "x": 482.4518072289157,
    "y": 147.7806401768945,
    "width": 90.32530120481925,
    "height": 12.195489723335953,
    "page": 1
  },
  "customer_country": {
    "field_id": "customer_country",
    "x": 21.506024096385545,
    "y": 188.67139983749152,
    "width": 126.16867469879517,
    "height": 15.065016717062065,
    "page": 1
  },
  "customer_email": {
    "field_id": "customer_email",
    "x": 20.072289156626507,
    "y": 147.06325842846297,
    "width": 258.07228915662654,
    "height": 13.630253220198995,
    "page": 1
  },
  "customer_name": {
    "field_id": "customer_name",
    "x": 288.8975903614458,
    "y": 120.52013373649649,
    "width": 102.51204819277109,
    "height": 12.912871471767488,
    "page": 1
  },
  "customer_phone": {
    "field_id": "customer_phone",
    "x": 403.5963855421687,
    "y": 120.52013373649649,
    "width": 169.89759036144574,
    "height": 13.630253220198995,
    "page": 1
  },
  "customer_postal": {
    "field_id": "customer_postal",
    "x": 373.4879518072289,
    "y": 147.7806401768945,
    "width": 99.64457831325302,
    "height": 11.478107974904418,
    "page": 1
  },
  "dr_number": {
    "field_id": "dr_number",
    "x": 478.15060240963857,
    "y": 54.52101288079603,
    "width": 85.30722891566262,
    "height": 12.19548972333596,
    "page": 1
  },
  "pickup_date": {
    "field_id": "pickup_date",
    "x": 389.9759036144578,
    "y": 214.49714278102647,
    "width": 106.81325301204822,
    "height": 12.912871471767488,
    "page": 1
  },
  "pickup_location": {
    "field_id": "pickup_location",
    "x": 316.855421686747,
    "y": 285.51793587574764,
    "width": 248.75301204819283,
    "height": 11.47810797490439,
    "page": 1
  },
  "return_date": {
    "field_id": "return_date",
    "x": 508.9759036144579,
    "y": 189.38878158592306,
    "width": 64.51807228915658,
    "height": 11.478107974904418,
    "page": 1
  },
  "return_location": {
    "field_id": "return_location",
    "x": 20.789156626506024,
    "y": 214.49714278102647,
    "width": 127.60240963855422,
    "height": 13.630253220199023,
    "page": 1
  },
  "vehicle_brand": {
    "field_id": "vehicle_brand",
    "x": 389.2590361445783,
    "y": 188.67139983749152,
    "width": 107.53012048192772,
    "height": 12.912871471767488,
    "page": 1
  },
  "vehicle_plate": {
    "field_id": "vehicle_plate",
    "x": 159.86144578313252,
    "y": 189.38878158592306,
    "width": 220.07831325301208,
    "height": 12.195489723335953,
    "page": 1
  }
}